insert into katedra values
    ( 01, 'Katedra za racunarske nauke i informatiku')
insert into katedra values
    ( 02, 'Katedra za automatiku')
insert into katedra values
    ( 03, 'Katedra za elektroniku')
insert into katedra values
    ( 04, 'Katedra za fundamentalnu elektrotehniku')
insert into katedra values
    ( 05, 'Katedra za telekomunikacije')
insert into katedra values
    ( 06, 'Katedra za osnovne discipline')
insert into katedra values
    ( 07, 'Katedra za mehaniku i masinske konstrukcije')
insert into katedra values
    ( 08, 'Katedra za merenja')


insert into nastavnik values
    ( 01, 'Radovic Nikola','R prof', 10500, null, 01)
insert into nastavnik values
    ( 02, 'Petrovic Petar','Docent', 11500, 01, 02)
insert into nastavnik values
    ( 03, 'Peic Petar','Docent', 11500, 05, 04)
insert into nastavnik values
    ( 04, 'Simic Sima','Docent', 11500, 05, 05)
insert into nastavnik values
    ( 05, 'Ilic Jovan','Docent', 11500, null, 06)
insert into nastavnik values
    ( 06, 'Savic Ilija','V prof', 12500, 01, 07)
insert into nastavnik values
    ( 07, 'Tot Ana','V prov', 12500, 01, 08)
insert into nastavnik values
    ( 08, 'Savic Milan','R prof', 13500, 01, 03)
insert into nastavnik values
    ( 09, 'Petric Janko','R prof', 13500, null, 01)
insert into nastavnik values
    ( 10, 'Petrovic Slavica','Docent', 11500, 01, 01)
    
insert into predmet values
    ( 01, 'Informacioni sistemi i projektovanje baza podataka',10,2)
insert into predmet values
    ( 02, 'Baze podataka', 01,4)
insert into predmet values
    ( 03, 'Racunarske mreze', 01,4)
insert into predmet values
    ( 04, 'Osnove baza podataka', 02,2)
insert into predmet values
    ( 05, 'Arhitektura racunara', 03,4)
insert into predmet values
    ( 06, 'Vestacka inteligencija', 01,2)
insert into predmet values
    ( 07, 'Metode optimizacije', 04,2)
insert into predmet values
    ( 08, 'Upravljanje procesima', 05,2)
insert into predmet values
    ( 09, 'Merenja', 06,2)
insert into predmet values
    ( 10, 'Arhitektura i algoritmi DSP', 07,2)
insert into predmet values
    ( 11, 'Engleski jezik za inzenjere', 08,2)
insert into predmet values
    ( 12, 'Zastita u racunarskim sistemima i mrezama', 09,2)
    
    
    


insert into projekat values
    ( 01, 'IBIS',70000)
insert into projekat values
    ( 02, 'ISP',50000)    
insert into projekat values
    ( 03, 'SNTIS',120000)
insert into projekat values
    ( 04, 'AISOS',80000)   
insert into projekat values
    ( 05, 'IISVS',45000) 


insert into student values
    ( 'E 9044','Jekic','Branislav', 'I')
insert into student values
    ( 'E 9041','Secerov','Emil','I')
insert into student values
    ( 'E 9046','Mirkov','Branislav','I')
insert into student values
    ( 'E 9014','Santrac','Dragan','I')
insert into student values
    ( 'E 9124','Sataric','Zvezdan','I')
insert into student values
    ( 'E 8911','Kapor','Marica','II')
insert into student values
    ( 'E 8913','Seskar','Ivan','II')
insert into student values
    ( 'E 8917','Tomic','Mitar','II')
insert into student values
    ( 'E 8921','Latinovic','Slobodan','III')
insert into student values
    ( 'E 8925','Panjkovic','Vladimir','III')
insert into student values
    ( 'E 8912','Rodic','Branislav','III')
insert into student values
    ( 'E 8811','Radovanovic','Svetlana','IV')
insert into student values
    ( 'E 8819','Vujasinovic','Dragoslav','IV')
insert into student values
    ( 'E 8821','Djordjevic','Slobodan','IV')
insert into student values
    ( 'E 8823','Berta','Arpad','IV')
insert into student values
    ( 'E 7411','Licina','Djuro','V')
insert into student values
    ( 'E 7398','Trifunovic','Zoran','V')
insert into student values
    ( 'E 7399','Ozvar','Arpad','V')
    

insert into polozio values
    ( 'E 7398',11,'2001-01-12',10)
insert into polozio values
    ( 'E 7398',1,'2001-01-11',9)
insert into polozio values
    ( 'E 7398',2,'1999-09-12',10)
insert into polozio values
    ( 'E 7398',3,'2001-06-11',10)
insert into polozio values
    ( 'E 7398',5,'2001-09-10',9)
insert into polozio values
    ( 'E 7398',6,'2001-10-10',10)
insert into polozio values
    ( 'E 7398',7,'2001-09-10',9)
insert into polozio values
    ( 'E 7398',8,'2001-09-10',7)
insert into polozio values
    ( 'E 7398',9,'2001-09-10',9)
insert into polozio values
    ( 'E 7398',10,'2001-09-10',6)
    
insert into polozio values
    ( 'E 7411',11,'2001-01-12',10)
insert into polozio values
    ( 'E 7411',1,'2001-01-11',10)
insert into polozio values
    ( 'E 7411',2,'1999-09-12',8)
insert into polozio values
    ( 'E 7411',3,'2001-06-11',8)
insert into polozio values
    ( 'E 7411',5,'2001-09-10',9)
insert into polozio values
    ( 'E 7411',6,'2001-10-10',7)
insert into polozio values
    ( 'E 7411',7,'2001-09-10',9)
insert into polozio values
    ( 'E 7411',8,'2001-09-10',7)
    
insert into polozio values
    ( 'E 8821',11,'2001-01-12',10)
insert into polozio values
    ( 'E 8821',1,'2001-01-11',10)
    
    
insert into polozio values
    ( 'E 8823',2,'1999-09-12',6)
insert into polozio values
    ( 'E 8823',3,'2001-06-11',6)
insert into polozio values
    ( 'E 8823',5,'2001-09-10',6)

insert into polozio values
    ( 'E 8911',2,'1999-09-12',6)
insert into polozio values
    ( 'E 8913',3,'2001-06-11',6)
insert into polozio values
    ( 'E 8917',5,'2001-09-10',6)
    
insert into polozio values
    ( 'E 8925',2,'1999-01-12',6)
insert into polozio values
    ( 'E 8911',3,'2001-06-11',6)
insert into polozio values
    ( 'E 8823',6,'2001-09-10',6)
    
insert into polozio values
    ( 'E 8811',2,'1999-09-12',6)
insert into polozio values
    ( 'E 8819',3,'2001-06-11',6)
insert into polozio values
    ( 'E 7399',5,'2001-09-10',6)
    
    
insert into polozio values
    ( 'E 8921',2,'1999-09-12',6)
insert into polozio values
    ( 'E 8921',3,'1999-06-11',6)
insert into polozio values
    ( 'E 8917',6,'2001-09-10',6)
    
insert into polozio values
    ( 'E 9124',1,'2012-09-12',9)
insert into polozio values
    ( 'E 9124',3,'2012-06-11',9)
insert into polozio values
    ( 'E 9124',4,'2012-09-10',10)
    



insert into ucestvuje values 
    (1, 1,5,3000)
insert into ucestvuje values 
    (1, 9,4,1200)
insert into ucestvuje values 
    (1, 10,8,5000)
insert into ucestvuje values 
    (2, 1,4,3000)
insert into ucestvuje values 
    (2, 9,8,7000)
insert into ucestvuje values 
    (2, 10,10,8000)
insert into ucestvuje values 
    (3, 3,16,10000)
insert into ucestvuje values 
    (3, 8,6,5000)
insert into ucestvuje values 
    (3, 2,3,2000)
insert into ucestvuje values 
    (4, 5,10,7000)
insert into ucestvuje values 
    (5, 4,2,1500)
insert into ucestvuje values 
    (4, 6,4,3500)
insert into ucestvuje values 
    (4, 7,8,4000)
insert into ucestvuje values 
    (4, 8,12,9000)
insert into ucestvuje values 
    (3, 1,14,8000)
insert into ucestvuje values 
    (3, 9,20,15000)
insert into ucestvuje values 
    (4, 10,10,5500)    
    
    
    
    
    
    
    
    
    
    
    
    
    
    

